               epoch,      train/box_loss,      train/obj_loss,      train/cls_loss,   metrics/precision,      metrics/recall,     metrics/mAP_0.5,metrics/mAP_0.5:0.95,        val/box_loss,        val/obj_loss,        val/cls_loss,               x/lr0,               x/lr1,               x/lr2
                   0,             0.03578,            0.039666,            0.021317,             0.51487,             0.35337,              0.2736,             0.15635,            0.024062,            0.017066,             0.00986,            0.070323,           0.0032975,           0.0032975
                   1,            0.025373,            0.021113,           0.0065347,             0.65569,             0.64651,             0.67032,             0.50259,            0.015467,            0.011128,           0.0064052,            0.040316,           0.0066243,           0.0066243
                   2,            0.023513,            0.018234,           0.0056046,             0.61165,             0.78179,             0.73747,             0.50881,            0.018647,            0.011176,           0.0050579,            0.010303,           0.0099444,           0.0099444
                   3,             0.02424,            0.017309,           0.0059983,             0.60902,             0.33277,             0.32957,             0.18359,            0.036829,            0.030743,            0.063439,           0.0099703,           0.0099703,           0.0099703
                   4,            0.023619,            0.016604,           0.0045633,              0.6302,             0.58869,             0.52984,             0.33126,            0.023215,            0.013714,           0.0054676,           0.0099703,           0.0099703,           0.0099703
                   5,            0.024057,            0.016385,           0.0047156,             0.60227,              0.5779,             0.64381,              0.4332,            0.021595,             0.01738,            0.003091,           0.0099604,           0.0099604,           0.0099604
                   6,            0.022785,            0.016011,           0.0049517,             0.45221,             0.55516,             0.45486,             0.26416,            0.030245,            0.020782,            0.016652,           0.0099505,           0.0099505,           0.0099505
                   7,            0.023018,            0.016332,           0.0050826,             0.79366,             0.84174,              0.8847,             0.69616,             0.01532,           0.0084065,           0.0023295,           0.0099406,           0.0099406,           0.0099406
                   8,            0.022663,             0.01586,           0.0039993,             0.56041,              0.4464,             0.48051,             0.29541,            0.027787,            0.018887,           0.0084022,           0.0099307,           0.0099307,           0.0099307
                   9,            0.021872,            0.015416,           0.0034946,             0.78037,             0.92074,             0.90328,             0.73073,            0.013221,           0.0076159,           0.0012153,           0.0099208,           0.0099208,           0.0099208
                  10,            0.022258,            0.015042,           0.0031743,             0.77229,             0.81631,             0.82445,             0.65267,            0.016687,           0.0088921,           0.0019751,           0.0099109,           0.0099109,           0.0099109
                  11,            0.020965,            0.014722,           0.0032435,             0.66557,             0.48959,             0.50554,             0.30798,            0.026822,            0.017352,           0.0060545,            0.009901,            0.009901,            0.009901
                  12,            0.021044,            0.014315,           0.0027317,             0.77532,             0.76599,              0.8047,             0.57773,            0.017324,             0.01137,           0.0022571,           0.0098911,           0.0098911,           0.0098911
                  13,            0.021172,            0.014241,           0.0026535,              0.7728,            0.039691,            0.044028,            0.010881,            0.065421,            0.022929,            0.024464,           0.0098812,           0.0098812,           0.0098812
                  14,             0.02049,            0.013699,           0.0020662,             0.90632,             0.93422,             0.93099,             0.75585,            0.014666,            0.007597,           0.0012028,           0.0098713,           0.0098713,           0.0098713
                  15,            0.021037,            0.014382,           0.0023877,             0.46668,             0.19813,             0.27648,              0.1363,            0.035778,            0.026039,            0.024864,           0.0098614,           0.0098614,           0.0098614
                  16,            0.021787,            0.013829,           0.0032695,             0.90939,             0.91296,             0.94244,             0.74721,            0.014117,            0.007728,           0.0013877,           0.0098515,           0.0098515,           0.0098515
                  17,             0.02031,            0.014198,           0.0029218,             0.91985,             0.85953,             0.91768,              0.7275,            0.014984,           0.0094696,           0.0013957,           0.0098416,           0.0098416,           0.0098416
                  18,             0.02102,            0.013877,           0.0034461,             0.84005,             0.80178,             0.83978,             0.64433,            0.015682,            0.010085,            0.001706,           0.0098317,           0.0098317,           0.0098317
                  19,            0.019887,              0.0141,           0.0028506,               0.933,             0.92442,             0.92683,             0.76603,             0.01378,           0.0075467,           0.0014942,           0.0098218,           0.0098218,           0.0098218
                  20,            0.019599,            0.013542,            0.002369,              0.9004,             0.91848,             0.92187,              0.7643,            0.013473,           0.0070781,           0.0011774,           0.0098119,           0.0098119,           0.0098119
                  21,            0.020471,            0.013578,           0.0022934,              0.8104,             0.74733,             0.78705,             0.61566,            0.015979,            0.011283,           0.0024778,            0.009802,            0.009802,            0.009802
                  22,            0.020128,             0.01351,            0.002818,             0.90598,             0.94988,              0.9439,             0.76456,            0.013119,           0.0074119,          0.00096689,           0.0097921,           0.0097921,           0.0097921
                  23,            0.019542,            0.013091,           0.0023889,              0.9034,             0.92357,             0.92521,             0.74758,            0.013572,           0.0073459,           0.0011029,           0.0097822,           0.0097822,           0.0097822
                  24,            0.019707,            0.013256,           0.0020698,             0.89854,             0.93144,             0.93326,             0.75904,            0.013246,           0.0073691,           0.0009373,           0.0097723,           0.0097723,           0.0097723
                  25,            0.020108,            0.013854,           0.0032096,             0.87042,             0.89508,             0.89338,             0.70337,            0.014396,           0.0078497,           0.0010454,           0.0097624,           0.0097624,           0.0097624
                  26,            0.019746,            0.013691,           0.0026208,             0.91913,             0.93388,             0.92319,             0.76359,            0.012618,           0.0074488,          0.00086841,           0.0097525,           0.0097525,           0.0097525
                  27,            0.019944,            0.013292,           0.0024027,             0.90628,             0.93545,             0.92461,             0.73837,            0.013124,            0.007741,          0.00097653,           0.0097426,           0.0097426,           0.0097426
                  28,             0.01948,            0.013218,           0.0020615,             0.85824,             0.92549,             0.91045,             0.75265,            0.013167,            0.007435,            0.001372,           0.0097327,           0.0097327,           0.0097327
                  29,            0.019321,            0.013109,           0.0023734,             0.93565,             0.91032,             0.92982,             0.77504,            0.013098,           0.0075599,            0.000881,           0.0097228,           0.0097228,           0.0097228
                  30,            0.019511,            0.012894,           0.0019479,             0.90933,              0.8675,             0.89254,             0.72832,             0.01343,           0.0074511,           0.0014336,           0.0097129,           0.0097129,           0.0097129
                  31,             0.02012,            0.013726,           0.0026516,             0.80266,             0.81084,              0.8276,             0.65773,            0.016539,           0.0092958,           0.0019372,            0.009703,            0.009703,            0.009703
                  32,            0.020091,            0.013236,           0.0034036,             0.90042,             0.86439,             0.89859,             0.73717,             0.01428,           0.0074527,          0.00082843,           0.0096931,           0.0096931,           0.0096931
                  33,            0.019889,            0.013127,           0.0027161,             0.90987,             0.92744,             0.92967,             0.77914,            0.012691,           0.0070407,          0.00081092,           0.0096832,           0.0096832,           0.0096832
                  34,            0.018829,            0.013151,           0.0021174,             0.93679,             0.93681,              0.9474,             0.78316,            0.013586,           0.0070369,          0.00093636,           0.0096733,           0.0096733,           0.0096733
                  35,            0.018067,            0.012334,           0.0018448,             0.88822,             0.91236,              0.9218,             0.72244,            0.013656,           0.0073029,           0.0010186,           0.0096634,           0.0096634,           0.0096634
                  36,            0.018525,            0.012609,           0.0017555,             0.91563,             0.92096,             0.92525,             0.75369,            0.014225,            0.007936,          0.00095335,           0.0096535,           0.0096535,           0.0096535
                  37,            0.018987,            0.012926,           0.0016504,             0.89537,             0.94066,             0.93716,             0.77196,            0.012868,           0.0070776,           0.0012924,           0.0096436,           0.0096436,           0.0096436
                  38,            0.019243,            0.012277,           0.0020719,             0.91105,             0.93704,             0.92435,             0.76296,            0.012597,           0.0070804,           0.0012447,           0.0096337,           0.0096337,           0.0096337
                  39,            0.019256,            0.012944,           0.0019514,             0.92665,             0.92072,             0.93094,             0.76136,            0.013611,           0.0080357,            0.001097,           0.0096238,           0.0096238,           0.0096238
                  40,            0.019043,             0.01326,           0.0020486,             0.91882,             0.88252,             0.92925,             0.75178,            0.012473,           0.0072519,           0.0011476,           0.0096139,           0.0096139,           0.0096139
                  41,            0.017552,            0.012413,            0.001724,              0.8231,             0.75477,             0.82258,             0.65118,            0.015547,            0.010836,           0.0019057,            0.009604,            0.009604,            0.009604
                  42,            0.018477,            0.012379,            0.001736,             0.91172,             0.92765,             0.92933,             0.77827,            0.012546,           0.0071326,           0.0010742,           0.0095941,           0.0095941,           0.0095941
                  43,            0.019114,            0.012582,           0.0022313,             0.91537,             0.93207,              0.9395,             0.78808,            0.012909,           0.0071327,          0.00099666,           0.0095842,           0.0095842,           0.0095842
                  44,            0.018312,            0.012487,            0.001647,             0.85024,              0.8878,             0.88209,             0.72386,            0.012597,           0.0075306,           0.0011528,           0.0095743,           0.0095743,           0.0095743
                  45,            0.018913,            0.011952,           0.0019097,             0.91101,             0.93717,             0.93422,             0.78272,            0.012624,           0.0070069,           0.0013754,           0.0095644,           0.0095644,           0.0095644
                  46,            0.018393,            0.012151,           0.0013345,             0.91497,             0.89658,             0.92589,             0.78705,            0.013119,           0.0072655,           0.0010916,           0.0095545,           0.0095545,           0.0095545
                  47,            0.018576,            0.012342,           0.0018049,             0.92589,             0.92759,             0.92059,             0.76856,            0.012374,           0.0071618,          0.00091046,           0.0095446,           0.0095446,           0.0095446
                  48,            0.018455,            0.012784,           0.0016437,             0.90217,             0.89771,             0.90602,             0.73786,             0.01221,           0.0072151,          0.00093661,           0.0095347,           0.0095347,           0.0095347
                  49,            0.018812,            0.012223,           0.0014707,             0.91543,             0.94829,               0.947,              0.7802,            0.012018,           0.0068714,           0.0010425,           0.0095248,           0.0095248,           0.0095248
                  50,            0.018445,            0.012097,           0.0016664,             0.81348,             0.83782,             0.83959,             0.66554,             0.01424,            0.008685,           0.0015589,           0.0095149,           0.0095149,           0.0095149
                  51,             0.01749,            0.012485,           0.0016029,             0.89029,             0.88883,             0.90655,             0.74077,            0.012287,           0.0072873,           0.0013829,            0.009505,            0.009505,            0.009505
                  52,            0.018011,            0.012214,           0.0017352,             0.91128,             0.88794,             0.91534,             0.74865,            0.012178,           0.0070116,          0.00088856,           0.0094951,           0.0094951,           0.0094951
                  53,             0.01835,            0.011596,           0.0021818,             0.92011,              0.9272,             0.93235,              0.7877,            0.012838,           0.0072884,          0.00079102,           0.0094852,           0.0094852,           0.0094852
                  54,            0.018439,            0.012196,           0.0017939,             0.94429,             0.91497,             0.91967,             0.76265,            0.012044,           0.0068986,          0.00073753,           0.0094753,           0.0094753,           0.0094753
                  55,            0.017604,            0.011973,           0.0015419,             0.94201,              0.9223,             0.93099,             0.78792,            0.011668,           0.0067448,          0.00073318,           0.0094654,           0.0094654,           0.0094654
                  56,            0.018234,            0.012366,           0.0018771,             0.91403,             0.94026,             0.93196,             0.79233,            0.012291,           0.0069421,          0.00080391,           0.0094555,           0.0094555,           0.0094555
                  57,            0.017944,             0.01156,           0.0017706,             0.92182,             0.92751,             0.92316,             0.77779,            0.013036,           0.0069945,          0.00092945,           0.0094456,           0.0094456,           0.0094456
                  58,            0.017697,            0.011854,           0.0017873,             0.92207,             0.93109,             0.92455,             0.75874,             0.01247,           0.0069378,          0.00092393,           0.0094357,           0.0094357,           0.0094357
                  59,            0.018167,            0.011819,           0.0014357,             0.91191,               0.949,             0.93167,              0.7504,            0.013091,            0.007027,          0.00092184,           0.0094258,           0.0094258,           0.0094258
                  60,            0.018292,            0.012077,           0.0016156,             0.93961,             0.89993,               0.929,             0.77134,            0.011771,           0.0067768,           0.0009301,           0.0094159,           0.0094159,           0.0094159
                  61,            0.018254,            0.011313,           0.0014601,             0.93185,             0.93519,             0.91876,             0.75872,            0.012148,           0.0069462,           0.0011366,            0.009406,            0.009406,            0.009406
                  62,               0.018,            0.012182,           0.0014622,              0.9298,             0.92764,             0.92627,             0.77879,            0.011974,           0.0068342,          0.00082437,           0.0093961,           0.0093961,           0.0093961
                  63,            0.017826,            0.012151,           0.0015606,             0.93142,             0.88774,             0.90779,             0.74798,            0.012508,           0.0080738,           0.0008091,           0.0093862,           0.0093862,           0.0093862
                  64,            0.017472,            0.012464,           0.0014816,               0.955,             0.92035,             0.92744,             0.78039,            0.012401,           0.0069975,          0.00075964,           0.0093763,           0.0093763,           0.0093763
                  65,            0.017165,             0.01122,           0.0016486,             0.88525,             0.93795,             0.93315,             0.76609,            0.012414,             0.00724,          0.00087016,           0.0093664,           0.0093664,           0.0093664
                  66,            0.018458,            0.011897,           0.0017795,             0.94645,             0.93605,             0.93713,             0.79383,            0.012259,           0.0070241,          0.00069213,           0.0093565,           0.0093565,           0.0093565
                  67,            0.018196,            0.012566,            0.001968,             0.95205,             0.89194,             0.89952,              0.7329,             0.01246,           0.0077148,          0.00088474,           0.0093466,           0.0093466,           0.0093466
                  68,            0.017533,            0.012179,           0.0013516,             0.92379,             0.93142,             0.93041,             0.78797,            0.011823,           0.0069345,           0.0012292,           0.0093367,           0.0093367,           0.0093367
                  69,            0.017485,            0.011682,           0.0017433,             0.90871,             0.93688,             0.92247,             0.78486,            0.012093,           0.0068998,           0.0011581,           0.0093268,           0.0093268,           0.0093268
                  70,            0.017736,            0.011442,            0.001951,             0.93054,             0.90633,             0.91557,              0.7714,            0.013177,           0.0068271,            0.001488,           0.0093169,           0.0093169,           0.0093169
                  71,            0.018222,            0.011892,           0.0020018,             0.93935,             0.91162,             0.92124,             0.77558,            0.012101,           0.0071494,          0.00085513,            0.009307,            0.009307,            0.009307
                  72,            0.017951,             0.01175,           0.0013425,             0.93229,             0.91514,              0.9236,             0.77305,            0.012673,           0.0069743,           0.0011988,           0.0092971,           0.0092971,           0.0092971
                  73,            0.017803,            0.011788,           0.0016482,             0.92674,             0.94921,             0.93443,             0.79001,            0.012313,           0.0067809,          0.00079949,           0.0092872,           0.0092872,           0.0092872
                  74,            0.017432,            0.011491,           0.0025229,             0.91928,             0.94026,             0.93301,             0.78554,            0.011922,           0.0068994,            0.000956,           0.0092773,           0.0092773,           0.0092773
                  75,            0.017693,             0.01158,           0.0014627,             0.94332,              0.9301,             0.94607,             0.80929,            0.011757,           0.0068181,          0.00087929,           0.0092674,           0.0092674,           0.0092674
                  76,            0.017571,            0.011246,           0.0018595,             0.86463,             0.88306,             0.88349,              0.7089,            0.013896,           0.0098013,           0.0010079,           0.0092575,           0.0092575,           0.0092575
                  77,            0.017178,             0.01165,           0.0014036,             0.94506,             0.91056,             0.93809,             0.80129,            0.012189,           0.0068931,          0.00071983,           0.0092476,           0.0092476,           0.0092476
                  78,            0.018223,            0.012237,            0.001809,             0.92283,             0.94201,             0.94358,             0.78959,            0.013092,           0.0072651,          0.00068299,           0.0092377,           0.0092377,           0.0092377
                  79,            0.017627,            0.011404,           0.0011681,             0.94958,             0.94246,             0.94314,             0.80282,            0.012019,           0.0069232,           0.0006687,           0.0092278,           0.0092278,           0.0092278
                  80,            0.018253,            0.011259,           0.0014541,             0.94205,             0.93773,             0.93814,             0.77049,             0.01187,           0.0071511,           0.0007734,           0.0092179,           0.0092179,           0.0092179
                  81,            0.017495,            0.011542,           0.0017698,             0.93817,             0.92915,             0.94346,             0.79274,            0.011966,           0.0069585,          0.00083197,            0.009208,            0.009208,            0.009208
                  82,            0.017957,            0.011633,           0.0018762,             0.93556,             0.91875,              0.9354,             0.77663,            0.012114,           0.0069387,           0.0007307,           0.0091981,           0.0091981,           0.0091981
                  83,            0.017129,            0.011702,           0.0013535,             0.91798,             0.91519,             0.92952,             0.79286,            0.012617,           0.0070627,           0.0008462,           0.0091882,           0.0091882,           0.0091882
                  84,            0.017575,            0.011516,            0.001766,             0.85392,             0.92002,              0.9007,             0.74529,            0.012856,            0.007369,          0.00091874,           0.0091783,           0.0091783,           0.0091783
                  85,            0.017624,            0.011455,             0.00173,              0.9195,               0.921,              0.9223,             0.78239,            0.012329,           0.0068772,           0.0012166,           0.0091684,           0.0091684,           0.0091684
                  86,            0.017647,            0.011699,           0.0013972,             0.93264,             0.93857,             0.93349,             0.80017,            0.011392,           0.0067715,          0.00087696,           0.0091585,           0.0091585,           0.0091585
                  87,            0.017316,            0.011756,           0.0018332,             0.92937,             0.93432,             0.94186,             0.79568,            0.011395,           0.0066619,          0.00097973,           0.0091486,           0.0091486,           0.0091486
                  88,             0.01759,            0.011802,            0.001569,             0.93396,             0.92668,             0.93061,             0.77171,            0.011981,           0.0069375,          0.00098263,           0.0091387,           0.0091387,           0.0091387
                  89,            0.017197,            0.010922,           0.0017311,             0.91323,             0.93266,             0.93305,             0.79286,            0.011538,           0.0071999,           0.0014291,           0.0091288,           0.0091288,           0.0091288
                  90,            0.017738,            0.011908,           0.0031803,             0.53099,             0.30004,              0.3575,             0.24257,             0.02187,            0.021876,           0.0035326,           0.0091189,           0.0091189,           0.0091189
                  91,             0.01774,            0.012177,           0.0015253,             0.92331,             0.93835,             0.91593,             0.78927,            0.011963,           0.0067477,           0.0012139,            0.009109,            0.009109,            0.009109
                  92,            0.017032,            0.011603,           0.0012982,             0.93891,               0.927,             0.91751,             0.78047,            0.011755,           0.0069163,          0.00095018,           0.0090991,           0.0090991,           0.0090991
                  93,            0.017478,            0.011775,           0.0012772,             0.93196,             0.92522,             0.93196,             0.78608,             0.01152,           0.0068202,          0.00089127,           0.0090892,           0.0090892,           0.0090892
                  94,            0.017162,            0.011356,           0.0013834,             0.93002,             0.92123,             0.93533,             0.79595,            0.011579,           0.0070155,           0.0008497,           0.0090793,           0.0090793,           0.0090793
                  95,            0.016443,            0.011103,            0.001255,             0.91362,             0.93789,             0.92613,             0.78352,            0.011901,           0.0069581,          0.00086646,           0.0090694,           0.0090694,           0.0090694
                  96,            0.016536,            0.010871,           0.0010104,             0.92862,             0.94141,             0.92535,             0.79562,            0.011352,           0.0069655,           0.0011218,           0.0090595,           0.0090595,           0.0090595
                  97,            0.017101,            0.010583,           0.0015584,             0.80883,             0.74893,             0.76993,              0.6211,            0.014514,            0.010316,           0.0016406,           0.0090496,           0.0090496,           0.0090496
                  98,             0.01713,            0.011154,           0.0013446,             0.93269,             0.93266,              0.9331,             0.78109,            0.011977,           0.0069691,           0.0010516,           0.0090397,           0.0090397,           0.0090397
                  99,             0.01772,            0.011618,           0.0012782,             0.92088,              0.9276,             0.92517,             0.77288,            0.012152,           0.0067982,          0.00092397,           0.0090298,           0.0090298,           0.0090298
                 100,            0.016856,            0.011812,           0.0013006,             0.84487,             0.67666,             0.75443,             0.55097,            0.018345,            0.017284,           0.0016264,           0.0090199,           0.0090199,           0.0090199
                 101,            0.016842,            0.011809,           0.0017149,             0.93688,             0.93041,             0.93071,             0.79403,            0.011202,           0.0068755,          0.00077604,             0.00901,             0.00901,             0.00901
                 102,            0.016583,            0.011608,           0.0019619,             0.90674,             0.94919,             0.93366,             0.79471,            0.011721,           0.0069475,          0.00081642,           0.0090001,           0.0090001,           0.0090001
                 103,            0.016986,            0.011422,           0.0015582,             0.93572,             0.93011,             0.93533,             0.79173,            0.011836,           0.0067613,          0.00072135,           0.0089902,           0.0089902,           0.0089902
                 104,            0.016709,            0.011614,           0.0019454,             0.92936,             0.94026,             0.93172,             0.78766,            0.011709,           0.0069603,          0.00076422,           0.0089803,           0.0089803,           0.0089803
                 105,            0.017487,            0.011598,           0.0016665,              0.9143,             0.95193,             0.93422,             0.78705,            0.012362,           0.0068298,           0.0015455,           0.0089704,           0.0089704,           0.0089704
                 106,            0.017493,            0.011289,            0.001054,             0.94147,             0.93753,             0.94136,             0.78926,            0.012016,           0.0071245,           0.0010462,           0.0089605,           0.0089605,           0.0089605
                 107,            0.016804,             0.01096,           0.0011085,             0.92137,             0.93071,             0.92037,             0.77001,            0.011556,            0.007302,           0.0009032,           0.0089506,           0.0089506,           0.0089506
                 108,            0.015832,            0.011178,           0.0014936,             0.93358,              0.9288,              0.9136,             0.76668,            0.011921,            0.007364,          0.00078087,           0.0089407,           0.0089407,           0.0089407
                 109,            0.016162,            0.011074,          0.00098072,             0.94613,             0.91887,             0.93511,             0.80825,            0.011474,           0.0072185,          0.00082272,           0.0089308,           0.0089308,           0.0089308
                 110,            0.016615,            0.011388,           0.0012601,             0.94792,             0.91907,             0.92595,             0.79837,            0.011553,            0.006829,          0.00086581,           0.0089209,           0.0089209,           0.0089209
                 111,            0.017507,            0.010977,           0.0012246,             0.95236,             0.92478,             0.93278,             0.78729,            0.011364,           0.0070266,           0.0010544,            0.008911,            0.008911,            0.008911
                 112,            0.017165,            0.011448,          0.00091466,             0.94503,             0.91423,             0.92722,             0.78488,            0.011571,           0.0070092,          0.00097538,           0.0089011,           0.0089011,           0.0089011
                 113,            0.016619,            0.011108,           0.0010657,             0.93125,             0.90699,             0.93493,             0.80357,            0.011414,           0.0071629,           0.0013115,           0.0088912,           0.0088912,           0.0088912
                 114,            0.017298,            0.011024,           0.0014104,             0.91355,             0.93674,             0.93097,             0.80802,            0.011394,           0.0071417,           0.0010852,           0.0088813,           0.0088813,           0.0088813
                 115,            0.017168,            0.011034,           0.0015675,             0.92236,             0.90735,             0.93177,             0.78716,            0.011614,           0.0069842,           0.0010152,           0.0088714,           0.0088714,           0.0088714
                 116,             0.01631,            0.011058,           0.0011327,              0.9332,             0.91573,             0.94118,             0.81088,            0.011657,           0.0069568,          0.00096854,           0.0088615,           0.0088615,           0.0088615
                 117,            0.016611,            0.011243,           0.0011007,             0.93856,             0.92875,             0.94146,             0.81219,            0.011821,           0.0067012,          0.00077753,           0.0088516,           0.0088516,           0.0088516
                 118,            0.016687,            0.011136,           0.0019048,             0.92509,              0.9282,             0.93076,             0.79943,            0.011119,           0.0065135,          0.00076956,           0.0088417,           0.0088417,           0.0088417
                 119,            0.016057,            0.011116,           0.0011295,             0.93277,             0.94545,             0.92348,              0.7993,            0.011255,           0.0068307,          0.00090088,           0.0088318,           0.0088318,           0.0088318
                 120,            0.016443,            0.011501,           0.0014507,             0.93844,             0.93498,             0.93562,             0.80873,            0.011627,           0.0066166,           0.0011708,           0.0088219,           0.0088219,           0.0088219
                 121,            0.016677,            0.011333,           0.0011129,             0.90968,             0.93917,             0.93096,             0.80337,            0.012108,           0.0065159,           0.0011824,            0.008812,            0.008812,            0.008812
                 122,            0.016554,            0.011211,           0.0012283,             0.93865,             0.89556,             0.92104,             0.79959,            0.011314,           0.0067835,           0.0011628,           0.0088021,           0.0088021,           0.0088021
                 123,            0.016772,            0.010791,           0.0014695,             0.92344,              0.9437,             0.92721,             0.80045,            0.011845,            0.006737,           0.0011846,           0.0087922,           0.0087922,           0.0087922
                 124,            0.015909,             0.01092,           0.0013442,             0.91814,             0.92542,             0.93173,              0.7855,            0.011653,           0.0066466,            0.001002,           0.0087823,           0.0087823,           0.0087823
                 125,            0.016072,            0.011204,           0.0011943,             0.93685,             0.92398,             0.92299,             0.77826,            0.011736,           0.0066919,          0.00065953,           0.0087724,           0.0087724,           0.0087724
                 126,            0.016261,            0.011272,           0.0013929,             0.93591,             0.91402,             0.91507,             0.77985,            0.011487,           0.0067291,           0.0011657,           0.0087625,           0.0087625,           0.0087625
                 127,            0.015265,            0.010648,           0.0011135,             0.93585,             0.93079,             0.92672,              0.7825,            0.011936,           0.0064588,           0.0012314,           0.0087526,           0.0087526,           0.0087526
                 128,            0.016395,            0.010936,            0.001165,             0.93552,             0.92626,             0.92984,             0.79487,            0.011471,           0.0066358,           0.0011586,           0.0087427,           0.0087427,           0.0087427
                 129,            0.016478,            0.010451,           0.0012367,             0.91789,             0.92781,             0.91909,             0.76525,            0.011581,           0.0066653,           0.0009837,           0.0087328,           0.0087328,           0.0087328
                 130,            0.016313,            0.010952,           0.0010069,              0.9356,             0.92802,             0.94018,             0.80161,            0.011501,           0.0069278,          0.00059195,           0.0087229,           0.0087229,           0.0087229
                 131,            0.016439,            0.011359,          0.00079791,             0.94213,             0.94702,             0.92946,             0.79181,            0.011364,            0.006581,          0.00070952,            0.008713,            0.008713,            0.008713
                 132,            0.015607,            0.010796,           0.0009649,             0.93884,             0.93557,             0.93242,             0.80856,            0.011481,           0.0065776,          0.00074337,           0.0087031,           0.0087031,           0.0087031
                 133,            0.016049,            0.010901,           0.0010554,             0.93579,             0.93378,              0.9354,             0.81303,            0.011432,           0.0066541,          0.00083858,           0.0086932,           0.0086932,           0.0086932
                 134,            0.016646,               0.011,          0.00092537,             0.90422,             0.93031,             0.93282,             0.79716,            0.011305,           0.0068857,          0.00086936,           0.0086833,           0.0086833,           0.0086833
                 135,            0.015518,            0.010312,           0.0011284,              0.9385,              0.9232,             0.93789,             0.79959,            0.010941,           0.0067723,          0.00098554,           0.0086734,           0.0086734,           0.0086734
                 136,            0.016512,            0.010638,          0.00099913,             0.92621,             0.91267,             0.93895,             0.80298,            0.011077,           0.0066047,            0.001061,           0.0086635,           0.0086635,           0.0086635
                 137,            0.015653,             0.01093,          0.00075379,             0.92431,             0.92347,             0.93642,             0.79872,            0.011038,           0.0067561,          0.00090389,           0.0086536,           0.0086536,           0.0086536
                 138,            0.015995,            0.011237,          0.00099695,             0.94055,             0.94447,             0.93284,             0.79613,            0.011229,           0.0069338,          0.00079049,           0.0086437,           0.0086437,           0.0086437
                 139,            0.015546,             0.01013,           0.0010131,             0.92358,             0.94281,             0.92865,             0.80391,            0.011517,           0.0070899,          0.00092009,           0.0086338,           0.0086338,           0.0086338
                 140,            0.016035,            0.011037,            0.001242,             0.92175,             0.92457,              0.9331,             0.78707,            0.011159,           0.0069151,          0.00094933,           0.0086239,           0.0086239,           0.0086239
                 141,            0.015932,            0.010442,             0.00133,             0.92255,             0.92373,             0.93837,             0.79982,            0.011097,           0.0070001,           0.0011567,            0.008614,            0.008614,            0.008614
                 142,             0.01564,            0.010366,           0.0010543,              0.9012,             0.87986,             0.87964,             0.71572,            0.012446,           0.0084554,           0.0013527,           0.0086041,           0.0086041,           0.0086041
                 143,            0.015401,             0.01096,          0.00098942,             0.94571,             0.93615,             0.93294,             0.80053,            0.010955,            0.006899,          0.00079531,           0.0085942,           0.0085942,           0.0085942
                 144,            0.016316,            0.010613,           0.0014113,             0.94901,             0.93862,             0.93043,             0.81393,            0.011162,           0.0069421,          0.00070497,           0.0085843,           0.0085843,           0.0085843
                 145,            0.016049,            0.010486,            0.001103,             0.93658,             0.93487,              0.9323,             0.81205,            0.011244,           0.0067036,           0.0010519,           0.0085744,           0.0085744,           0.0085744
                 146,            0.016164,            0.010511,           0.0009572,             0.93057,             0.94679,             0.93576,             0.80541,            0.010615,           0.0066145,           0.0007222,           0.0085645,           0.0085645,           0.0085645
                 147,             0.01603,            0.010863,           0.0011225,             0.91704,             0.94579,              0.9413,             0.79465,            0.011168,           0.0069529,          0.00067688,           0.0085546,           0.0085546,           0.0085546
                 148,            0.016022,            0.011166,           0.0011587,             0.91445,             0.94672,              0.9419,             0.81414,            0.011296,           0.0066734,          0.00095552,           0.0085447,           0.0085447,           0.0085447
                 149,            0.016241,            0.010938,           0.0010086,             0.92706,             0.93761,             0.91969,             0.79608,            0.011043,           0.0065439,          0.00076537,           0.0085348,           0.0085348,           0.0085348
                 150,            0.016372,              0.0113,           0.0010576,              0.9389,             0.92549,             0.92454,             0.79371,            0.011394,           0.0068382,          0.00078435,           0.0085249,           0.0085249,           0.0085249
                 151,            0.015368,            0.010956,           0.0010506,             0.92809,             0.91459,             0.91835,              0.8038,            0.011495,           0.0069332,          0.00075811,            0.008515,            0.008515,            0.008515
                 152,            0.016337,            0.011018,           0.0012482,             0.90621,             0.94349,              0.9282,             0.81017,            0.011269,           0.0069253,          0.00082577,           0.0085051,           0.0085051,           0.0085051
                 153,            0.015881,            0.011044,           0.0011257,             0.90463,             0.93523,             0.92006,             0.78552,             0.01105,           0.0069366,            0.001264,           0.0084952,           0.0084952,           0.0084952
                 154,            0.015657,            0.010767,          0.00088691,             0.90931,             0.93112,             0.92609,              0.7873,            0.011509,           0.0069448,          0.00090848,           0.0084853,           0.0084853,           0.0084853
                 155,            0.016994,            0.010995,           0.0010683,             0.91161,             0.93759,             0.92152,              0.7942,            0.011053,           0.0065862,           0.0012587,           0.0084754,           0.0084754,           0.0084754
                 156,            0.015845,            0.010455,          0.00069422,             0.90848,             0.93773,             0.92628,             0.79458,              0.0109,           0.0067875,           0.0011011,           0.0084655,           0.0084655,           0.0084655
                 157,            0.016021,            0.010728,          0.00097252,             0.89774,             0.95088,             0.91948,             0.78505,            0.010778,           0.0066399,           0.0007961,           0.0084556,           0.0084556,           0.0084556
                 158,            0.015895,             0.01092,           0.0010848,             0.92432,             0.91364,             0.91626,             0.76432,            0.010693,            0.006777,          0.00095207,           0.0084457,           0.0084457,           0.0084457
                 159,            0.016062,            0.010839,          0.00080484,             0.91012,             0.94507,             0.91716,             0.77434,            0.010945,           0.0067269,          0.00088565,           0.0084358,           0.0084358,           0.0084358
                 160,            0.015817,            0.010651,          0.00080842,             0.90836,             0.92964,             0.91128,             0.76565,            0.010836,            0.006708,          0.00088471,           0.0084259,           0.0084259,           0.0084259
                 161,            0.016344,            0.010381,           0.0010943,             0.91058,             0.92049,             0.90003,             0.73995,            0.012236,           0.0072754,          0.00098549,            0.008416,            0.008416,            0.008416
                 162,            0.015483,            0.010822,          0.00089816,             0.80588,             0.77894,             0.80107,             0.62456,            0.014352,            0.011968,           0.0020447,           0.0084061,           0.0084061,           0.0084061
                 163,            0.015829,            0.010448,           0.0012072,             0.92051,              0.9464,             0.93303,             0.80095,            0.010803,           0.0065841,           0.0012399,           0.0083962,           0.0083962,           0.0083962
                 164,            0.015621,            0.010275,           0.0010716,             0.91909,             0.93974,             0.93506,             0.78669,            0.011474,           0.0070092,           0.0011741,           0.0083863,           0.0083863,           0.0083863
                 165,            0.015786,            0.010291,          0.00093154,             0.92035,             0.93429,             0.94609,             0.81842,            0.010906,           0.0067971,          0.00084329,           0.0083764,           0.0083764,           0.0083764
                 166,            0.015518,            0.010066,          0.00093014,              0.9351,              0.9333,             0.94009,             0.81077,            0.011187,           0.0068146,          0.00085316,           0.0083665,           0.0083665,           0.0083665
                 167,            0.015502,            0.010206,          0.00093189,             0.94572,             0.91503,             0.93562,             0.80718,             0.01071,           0.0066756,          0.00077112,           0.0083566,           0.0083566,           0.0083566
                 168,            0.016442,            0.010976,           0.0012155,             0.93248,             0.91807,             0.92011,             0.79377,            0.010994,           0.0066838,          0.00090335,           0.0083467,           0.0083467,           0.0083467
                 169,            0.015865,            0.010447,           0.0010751,             0.94246,             0.91699,             0.93118,             0.80352,            0.010982,           0.0067773,           0.0009304,           0.0083368,           0.0083368,           0.0083368
                 170,            0.016231,            0.010723,          0.00099143,             0.92972,             0.92841,             0.92942,             0.80851,            0.010766,           0.0067496,          0.00080249,           0.0083269,           0.0083269,           0.0083269
                 171,            0.016028,            0.010361,           0.0009877,             0.92152,             0.92606,             0.94314,             0.81296,            0.010943,           0.0068227,           0.0009786,            0.008317,            0.008317,            0.008317
                 172,            0.015447,            0.010728,           0.0011752,             0.91803,             0.93018,             0.93987,             0.81408,            0.010452,           0.0067992,          0.00089095,           0.0083071,           0.0083071,           0.0083071
                 173,            0.015516,            0.009735,          0.00070575,             0.92795,             0.92775,             0.92146,              0.8145,            0.010853,           0.0067835,          0.00079416,           0.0082972,           0.0082972,           0.0082972
                 174,            0.015981,            0.010432,           0.0011812,             0.94911,             0.92206,             0.92664,             0.81122,            0.010204,           0.0065591,          0.00080589,           0.0082873,           0.0082873,           0.0082873
                 175,            0.015163,            0.010455,           0.0010723,             0.93255,             0.92509,              0.9407,             0.81991,            0.010956,           0.0067347,           0.0008999,           0.0082774,           0.0082774,           0.0082774
                 176,            0.015755,            0.010416,          0.00085409,              0.8911,             0.90563,             0.91151,             0.77596,            0.011527,           0.0075878,            0.001057,           0.0082675,           0.0082675,           0.0082675
                 177,            0.014925,            0.010318,          0.00089935,             0.91271,             0.93668,             0.92864,             0.79933,            0.011031,           0.0070423,           0.0010843,           0.0082576,           0.0082576,           0.0082576
                 178,            0.015639,            0.010337,          0.00097841,             0.91584,             0.94254,             0.92525,             0.79191,            0.010957,           0.0067498,          0.00079029,           0.0082477,           0.0082477,           0.0082477
                 179,            0.015139,            0.010244,           0.0010078,             0.93344,             0.86625,             0.90755,             0.75005,            0.012809,           0.0088764,            0.001525,           0.0082378,           0.0082378,           0.0082378
                 180,            0.015839,            0.010304,           0.0010273,             0.94741,             0.93668,             0.93989,             0.81361,            0.011368,           0.0067148,          0.00077407,           0.0082279,           0.0082279,           0.0082279
                 181,            0.015425,            0.010456,           0.0011367,             0.94864,             0.94413,             0.94272,             0.81915,            0.011208,           0.0066195,          0.00064188,            0.008218,            0.008218,            0.008218
                 182,            0.015568,           0.0099848,           0.0011064,             0.94945,             0.93723,             0.94727,             0.82165,            0.011139,           0.0064312,          0.00062365,           0.0082081,           0.0082081,           0.0082081
                 183,            0.014946,            0.010559,          0.00075593,             0.87596,             0.84446,             0.88241,             0.73815,            0.012578,            0.009903,           0.0016545,           0.0081982,           0.0081982,           0.0081982
                 184,            0.015438,           0.0099888,           0.0010234,             0.95489,             0.92667,             0.93801,             0.81092,            0.011129,           0.0068861,          0.00086856,           0.0081883,           0.0081883,           0.0081883
                 185,            0.015284,            0.010284,          0.00075404,             0.94915,             0.93319,             0.94116,               0.828,            0.011225,           0.0068155,           0.0009304,           0.0081784,           0.0081784,           0.0081784
                 186,             0.01482,              0.0102,           0.0011862,             0.94747,             0.92402,             0.93146,             0.81054,            0.011064,           0.0066156,          0.00087397,           0.0081685,           0.0081685,           0.0081685
                 187,            0.015361,            0.010439,           0.0012887,             0.93415,             0.92454,             0.91716,             0.79727,            0.011341,           0.0067248,          0.00080343,           0.0081586,           0.0081586,           0.0081586
                 188,            0.015206,            0.010145,          0.00085888,             0.93503,             0.93485,             0.92099,             0.80494,            0.011276,           0.0069215,           0.0013204,           0.0081487,           0.0081487,           0.0081487
                 189,            0.015236,             0.01008,           0.0017325,             0.92736,             0.94579,             0.93011,             0.79248,            0.011162,           0.0071256,           0.0012706,           0.0081388,           0.0081388,           0.0081388
                 190,            0.015231,            0.010377,           0.0011567,             0.95155,             0.92714,             0.92467,             0.78986,            0.011053,           0.0068035,          0.00065584,           0.0081289,           0.0081289,           0.0081289
                 191,            0.016015,            0.010595,          0.00088406,             0.93637,             0.93123,             0.93543,             0.81439,            0.010825,           0.0067444,          0.00077103,            0.008119,            0.008119,            0.008119
                 192,            0.015865,            0.010379,          0.00097671,             0.92934,             0.91335,             0.93148,             0.80747,            0.011101,           0.0068647,          0.00098689,           0.0081091,           0.0081091,           0.0081091
                 193,            0.015918,            0.010511,           0.0010263,             0.92932,             0.93563,             0.93909,             0.80481,            0.011203,           0.0069615,          0.00096465,           0.0080992,           0.0080992,           0.0080992
                 194,            0.015226,            0.010483,           0.0012144,             0.92979,             0.94599,             0.93114,             0.80903,            0.010865,           0.0067375,          0.00090971,           0.0080893,           0.0080893,           0.0080893
                 195,            0.015368,            0.010386,          0.00094461,             0.93845,             0.93165,             0.93351,             0.80443,            0.011166,           0.0067839,          0.00081065,           0.0080794,           0.0080794,           0.0080794
                 196,            0.015068,            0.010212,          0.00090746,              0.9436,             0.92224,             0.93842,             0.81744,             0.01114,           0.0069765,          0.00099919,           0.0080695,           0.0080695,           0.0080695
                 197,            0.014752,            0.010147,           0.0012747,             0.92041,             0.93071,             0.93899,             0.81503,            0.010938,            0.006903,          0.00088042,           0.0080596,           0.0080596,           0.0080596
                 198,            0.014779,            0.010559,           0.0006459,             0.92978,              0.9289,             0.94414,             0.81707,            0.011165,           0.0068258,          0.00075797,           0.0080497,           0.0080497,           0.0080497
                 199,            0.015268,            0.010825,          0.00089076,             0.91474,              0.9288,             0.93713,             0.79319,            0.011401,            0.007174,          0.00076347,           0.0080398,           0.0080398,           0.0080398
                 200,            0.015203,            0.010359,           0.0011111,             0.94751,             0.93148,             0.93761,             0.80706,            0.010901,           0.0068713,           0.0010415,           0.0080299,           0.0080299,           0.0080299
                 201,            0.014802,            0.010021,          0.00064668,             0.93829,             0.92795,              0.9463,             0.82835,            0.010593,           0.0065288,          0.00097224,             0.00802,             0.00802,             0.00802
                 202,             0.01569,            0.010414,           0.0013907,             0.92888,             0.93116,             0.93291,             0.81224,            0.010366,           0.0064604,          0.00096864,           0.0080101,           0.0080101,           0.0080101
                 203,            0.015604,            0.010272,           0.0015891,             0.92434,             0.95093,             0.94817,             0.81623,             0.01083,           0.0068503,          0.00095373,           0.0080002,           0.0080002,           0.0080002
                 204,            0.014892,            0.010338,           0.0010576,             0.93758,              0.9288,             0.93849,             0.81459,            0.011074,           0.0068458,          0.00061101,           0.0079903,           0.0079903,           0.0079903
                 205,            0.015394,            0.009796,            0.001171,             0.92461,             0.94195,             0.93639,              0.8141,            0.010988,           0.0065966,          0.00066129,           0.0079804,           0.0079804,           0.0079804
                 206,            0.014914,            0.010252,           0.0010744,             0.93713,             0.94943,              0.9354,             0.80905,            0.010893,           0.0064547,          0.00070828,           0.0079705,           0.0079705,           0.0079705
                 207,            0.014882,            0.010094,           0.0009997,             0.90154,             0.94585,             0.93933,             0.82239,            0.010758,           0.0066051,           0.0010374,           0.0079606,           0.0079606,           0.0079606
                 208,            0.015029,              0.0106,          0.00094782,             0.93833,             0.94337,              0.9431,             0.82498,            0.010711,           0.0065542,            0.000737,           0.0079507,           0.0079507,           0.0079507
                 209,            0.014549,            0.010155,          0.00066931,             0.91636,             0.95002,             0.93618,             0.82271,            0.010545,           0.0066257,          0.00067679,           0.0079408,           0.0079408,           0.0079408
                 210,            0.015046,            0.010513,            0.001162,             0.93819,             0.92622,             0.93916,             0.82607,            0.010567,            0.006639,          0.00081947,           0.0079309,           0.0079309,           0.0079309
                 211,            0.014628,            0.010202,          0.00082873,             0.94412,             0.94583,             0.94254,             0.81442,            0.011072,           0.0067953,          0.00089184,            0.007921,            0.007921,            0.007921
                 212,            0.014836,            0.010174,          0.00049309,             0.93298,             0.95649,               0.941,             0.81899,             0.01095,           0.0067366,          0.00080043,           0.0079111,           0.0079111,           0.0079111
                 213,            0.015146,            0.010443,          0.00064574,             0.93906,             0.91556,             0.92941,             0.80234,            0.010898,           0.0067172,          0.00076269,           0.0079012,           0.0079012,           0.0079012
                 214,            0.015351,            0.010206,          0.00090891,             0.93784,             0.91393,             0.93408,             0.81071,            0.010918,           0.0067411,           0.0010324,           0.0078913,           0.0078913,           0.0078913
                 215,            0.014375,            0.010017,          0.00070883,             0.95443,             0.93478,             0.93207,             0.78861,            0.011246,           0.0071372,          0.00080463,           0.0078814,           0.0078814,           0.0078814
                 216,            0.015252,           0.0099089,          0.00077145,             0.93907,             0.94834,             0.93513,             0.81205,            0.010719,           0.0070544,          0.00067945,           0.0078715,           0.0078715,           0.0078715
                 217,            0.015163,            0.010223,          0.00087811,             0.94406,             0.94318,             0.93199,             0.79756,            0.010693,           0.0066901,          0.00073859,           0.0078616,           0.0078616,           0.0078616
                 218,            0.015444,            0.010316,          0.00097951,             0.93989,             0.94448,             0.93598,             0.80159,            0.010425,              0.0066,          0.00074097,           0.0078517,           0.0078517,           0.0078517
                 219,            0.015258,            0.010354,          0.00086225,             0.94715,             0.95017,             0.94413,             0.81295,            0.010829,           0.0066746,          0.00080151,           0.0078418,           0.0078418,           0.0078418
                 220,            0.014764,           0.0098603,          0.00096493,             0.95099,             0.94828,             0.93826,             0.80185,            0.011032,           0.0065608,          0.00090427,           0.0078319,           0.0078319,           0.0078319
                 221,            0.014227,            0.010023,          0.00081891,              0.9533,             0.92954,             0.92812,             0.80376,            0.010884,           0.0068623,          0.00085464,            0.007822,            0.007822,            0.007822
                 222,            0.015079,            0.009944,          0.00065589,              0.9486,              0.9282,             0.93269,             0.81437,            0.010611,           0.0068069,          0.00095331,           0.0078121,           0.0078121,           0.0078121
                 223,            0.014944,           0.0097529,          0.00057236,             0.95203,             0.92665,             0.93299,             0.80994,            0.010427,            0.006852,           0.0012193,           0.0078022,           0.0078022,           0.0078022
                 224,            0.014844,            0.010022,          0.00055708,             0.95571,              0.9379,             0.93772,             0.81764,            0.010479,           0.0067378,           0.0010208,           0.0077923,           0.0077923,           0.0077923
                 225,            0.014347,           0.0099975,          0.00086562,             0.95155,             0.91749,             0.93665,             0.82372,            0.010505,           0.0066022,          0.00085978,           0.0077824,           0.0077824,           0.0077824
                 226,            0.015307,            0.010037,          0.00086997,             0.95312,             0.92929,             0.94247,             0.81419,            0.010708,           0.0066538,          0.00094036,           0.0077725,           0.0077725,           0.0077725
                 227,            0.014941,            0.010213,          0.00099622,             0.94595,             0.94581,             0.93842,             0.81953,            0.010551,           0.0065103,          0.00075987,           0.0077626,           0.0077626,           0.0077626
                 228,            0.014183,           0.0098328,          0.00064473,             0.95236,             0.93492,             0.94082,              0.8275,            0.010628,           0.0065683,          0.00088729,           0.0077527,           0.0077527,           0.0077527
                 229,            0.014451,           0.0097665,          0.00077153,             0.94989,             0.93519,             0.93706,             0.82401,            0.010586,           0.0066325,          0.00078972,           0.0077428,           0.0077428,           0.0077428
                 230,            0.014509,           0.0096186,          0.00083422,             0.95252,             0.92542,             0.93699,             0.80685,            0.010833,           0.0072858,          0.00081656,           0.0077329,           0.0077329,           0.0077329
                 231,            0.014249,           0.0099614,          0.00077856,             0.95452,             0.92795,             0.93746,             0.80656,            0.010446,           0.0069326,           0.0007288,            0.007723,            0.007723,            0.007723
                 232,             0.01415,            0.010194,          0.00094056,             0.93461,             0.90101,             0.90808,             0.78406,            0.011029,            0.006873,          0.00080865,           0.0077131,           0.0077131,           0.0077131
                 233,            0.014227,           0.0099051,           0.0010588,             0.95037,             0.93487,              0.9473,              0.8176,            0.010412,           0.0068156,          0.00082672,           0.0077032,           0.0077032,           0.0077032
                 234,            0.014833,            0.010232,          0.00093034,             0.93404,             0.92465,             0.94796,             0.82381,            0.010457,           0.0070434,          0.00099839,           0.0076933,           0.0076933,           0.0076933
                 235,            0.014232,             0.01081,          0.00060473,             0.92999,             0.93603,             0.93036,             0.80277,            0.010916,           0.0068709,          0.00082447,           0.0076834,           0.0076834,           0.0076834
                 236,            0.013799,             0.01007,          0.00072971,             0.94615,             0.93406,             0.93291,              0.8046,            0.010389,           0.0069467,          0.00072038,           0.0076735,           0.0076735,           0.0076735
                 237,            0.014446,             0.01018,          0.00068619,             0.94581,             0.93531,              0.9377,             0.82154,            0.010424,            0.006773,          0.00067891,           0.0076636,           0.0076636,           0.0076636
                 238,            0.014849,            0.010163,          0.00079207,             0.93484,             0.94464,              0.9478,             0.82312,            0.010338,           0.0065154,          0.00081831,           0.0076537,           0.0076537,           0.0076537
                 239,            0.014193,             0.01029,            0.000757,             0.92137,             0.94766,             0.93691,             0.80838,            0.010622,           0.0065888,          0.00077484,           0.0076438,           0.0076438,           0.0076438
                 240,            0.014578,           0.0095189,           0.0018767,             0.94728,             0.92503,             0.93846,             0.81657,            0.010672,            0.006812,          0.00085246,           0.0076339,           0.0076339,           0.0076339
                 241,            0.015273,            0.010347,           0.0015992,             0.92917,             0.93423,             0.94048,             0.81838,            0.010533,           0.0069193,          0.00093641,            0.007624,            0.007624,            0.007624
                 242,            0.014558,           0.0098322,           0.0010396,             0.95248,             0.92423,             0.94228,             0.79842,            0.011171,           0.0067036,           0.0008284,           0.0076141,           0.0076141,           0.0076141
                 243,            0.015356,            0.010597,            0.001153,             0.93477,             0.92461,             0.93605,             0.81156,            0.011131,           0.0071356,          0.00089366,           0.0076042,           0.0076042,           0.0076042
                 244,            0.014109,            0.010268,          0.00072001,             0.93742,             0.93856,             0.93451,             0.80315,            0.010945,           0.0069431,          0.00077281,           0.0075943,           0.0075943,           0.0075943
                 245,            0.014416,            0.010351,          0.00084886,             0.94369,             0.93989,             0.93303,             0.79701,            0.011136,           0.0070347,          0.00081464,           0.0075844,           0.0075844,           0.0075844
                 246,            0.014685,           0.0099852,          0.00082786,             0.92146,             0.94226,             0.92776,             0.79327,            0.010774,           0.0066869,          0.00091928,           0.0075745,           0.0075745,           0.0075745
                 247,            0.014108,           0.0095745,          0.00075695,             0.93942,              0.9078,             0.91023,              0.7738,            0.011206,           0.0070218,          0.00096239,           0.0075646,           0.0075646,           0.0075646
                 248,            0.014466,            0.010221,          0.00094811,             0.94326,             0.92867,             0.94092,             0.81769,            0.010814,           0.0065899,          0.00093824,           0.0075547,           0.0075547,           0.0075547
                 249,            0.014522,            0.010343,           0.0011443,             0.92119,             0.93136,             0.92145,             0.80211,            0.010748,           0.0065551,           0.0012177,           0.0075448,           0.0075448,           0.0075448
                 250,            0.014417,             0.01012,          0.00089216,             0.92842,             0.92399,             0.93505,             0.81734,            0.010896,            0.006674,           0.0012932,           0.0075349,           0.0075349,           0.0075349
                 251,            0.015091,            0.009764,          0.00068349,             0.92704,             0.92544,             0.93801,             0.80622,            0.010796,           0.0066126,           0.0012661,            0.007525,            0.007525,            0.007525
                 252,            0.013809,           0.0095066,          0.00083356,             0.90756,             0.93948,             0.92779,             0.81331,            0.010687,           0.0066495,           0.0011762,           0.0075151,           0.0075151,           0.0075151
                 253,            0.014346,           0.0098495,          0.00066652,             0.93164,             0.92376,             0.92817,             0.79938,            0.010693,           0.0068441,           0.0010752,           0.0075052,           0.0075052,           0.0075052
                 254,            0.014344,           0.0095683,          0.00070612,             0.92355,             0.91348,               0.926,              0.8059,            0.010705,           0.0072461,           0.0010654,           0.0074953,           0.0074953,           0.0074953
                 255,            0.014528,           0.0096799,          0.00065966,             0.94114,             0.92153,             0.93188,             0.81573,            0.010853,           0.0068198,           0.0011719,           0.0074854,           0.0074854,           0.0074854
                 256,            0.014736,           0.0098206,          0.00056334,             0.91194,             0.93756,             0.93321,             0.81819,            0.010574,           0.0067592,           0.0010329,           0.0074755,           0.0074755,           0.0074755
                 257,            0.013914,           0.0095015,          0.00062724,             0.93716,             0.91094,             0.94575,             0.81974,            0.010368,           0.0068954,          0.00090543,           0.0074656,           0.0074656,           0.0074656
                 258,            0.014268,            0.010057,          0.00064425,             0.93246,             0.92731,             0.93477,               0.818,            0.010139,           0.0066515,          0.00083739,           0.0074557,           0.0074557,           0.0074557
                 259,            0.014773,           0.0099603,           0.0009072,             0.94008,             0.93762,             0.93491,             0.81639,            0.010366,           0.0065071,          0.00075988,           0.0074458,           0.0074458,           0.0074458
                 260,            0.013732,           0.0096291,          0.00051302,             0.93626,              0.9335,              0.9356,             0.81884,            0.010163,           0.0067177,           0.0011721,           0.0074359,           0.0074359,           0.0074359
                 261,            0.014418,           0.0098511,           0.0011047,             0.94093,             0.92457,             0.94005,               0.816,           0.0099378,           0.0068545,           0.0008856,            0.007426,            0.007426,            0.007426
                 262,            0.014103,           0.0095561,          0.00066368,             0.94327,             0.91483,             0.94308,             0.81937,            0.010114,           0.0070059,           0.0008484,           0.0074161,           0.0074161,           0.0074161
                 263,            0.014788,            0.010022,           0.0006768,             0.94374,             0.92716,             0.94842,             0.82081,            0.010116,           0.0068416,          0.00080872,           0.0074062,           0.0074062,           0.0074062
                 264,            0.014752,            0.010049,          0.00058938,             0.94836,              0.9354,             0.94032,             0.81529,            0.010079,           0.0068459,          0.00084526,           0.0073963,           0.0073963,           0.0073963
                 265,            0.014399,            0.009949,          0.00056411,             0.94649,             0.93857,             0.93949,             0.80899,           0.0098771,           0.0065925,          0.00082601,           0.0073864,           0.0073864,           0.0073864
                 266,            0.014361,           0.0096949,          0.00063271,             0.92543,             0.93559,              0.9396,             0.80455,            0.010267,           0.0067303,          0.00097953,           0.0073765,           0.0073765,           0.0073765
                 267,            0.014809,           0.0099891,          0.00081906,             0.94661,             0.92718,             0.93347,              0.8006,             0.01051,           0.0067434,          0.00074928,           0.0073666,           0.0073666,           0.0073666
                 268,            0.013987,           0.0095569,           0.0007079,             0.93257,             0.92161,              0.9266,             0.81088,            0.010681,           0.0068894,          0.00067279,           0.0073567,           0.0073567,           0.0073567
                 269,            0.014372,            0.009926,          0.00063751,             0.91747,             0.94188,             0.93297,             0.81587,            0.010648,           0.0070792,           0.0010302,           0.0073468,           0.0073468,           0.0073468
                 270,            0.014042,            0.010011,          0.00067134,             0.92536,             0.93566,             0.92737,             0.80117,            0.010471,           0.0070903,           0.0011202,           0.0073369,           0.0073369,           0.0073369
                 271,            0.014724,           0.0095452,           0.0010602,             0.91722,             0.94364,             0.91938,              0.7975,            0.010307,           0.0070094,           0.0012196,            0.007327,            0.007327,            0.007327
                 272,            0.015107,           0.0095503,          0.00066143,             0.92341,              0.9455,              0.9155,              0.7983,            0.010526,           0.0068904,           0.0011588,           0.0073171,           0.0073171,           0.0073171
                 273,            0.014658,           0.0097699,          0.00086399,             0.92049,             0.94615,             0.92911,             0.80658,            0.010769,           0.0068532,          0.00087479,           0.0073072,           0.0073072,           0.0073072
                 274,            0.014302,            0.009752,           0.0010929,             0.91715,             0.92659,              0.9195,             0.77974,            0.010653,           0.0068482,           0.0010357,           0.0072973,           0.0072973,           0.0072973
                 275,            0.014151,           0.0098116,          0.00083118,             0.92697,             0.91995,              0.9265,             0.80157,            0.010634,           0.0066472,          0.00070744,           0.0072874,           0.0072874,           0.0072874
                 276,            0.014575,            0.010097,          0.00075373,             0.93551,             0.93833,              0.9328,             0.82149,            0.010031,           0.0064625,          0.00076389,           0.0072775,           0.0072775,           0.0072775
                 277,            0.014368,            0.010014,           0.0009185,             0.94084,             0.93572,             0.92876,             0.81506,           0.0098563,           0.0064518,          0.00090633,           0.0072676,           0.0072676,           0.0072676
                 278,            0.014204,            0.010095,          0.00097817,              0.9271,             0.92712,              0.9314,             0.81032,            0.010291,           0.0067036,           0.0012238,           0.0072577,           0.0072577,           0.0072577
                 279,            0.013811,           0.0099494,           0.0012906,             0.93849,             0.93473,             0.94411,              0.8144,            0.010549,           0.0066579,          0.00082633,           0.0072478,           0.0072478,           0.0072478
                 280,            0.013942,            0.010058,          0.00086181,             0.91351,             0.94462,             0.93511,             0.79592,             0.01058,           0.0067642,          0.00084706,           0.0072379,           0.0072379,           0.0072379
                 281,            0.014431,           0.0097015,           0.0018561,             0.94315,             0.92036,             0.93193,             0.78792,            0.010916,           0.0067803,          0.00073556,            0.007228,            0.007228,            0.007228
                 282,            0.014912,           0.0099409,          0.00068236,             0.94897,              0.9327,             0.93043,             0.79887,            0.010423,           0.0067407,          0.00079117,           0.0072181,           0.0072181,           0.0072181
                 283,            0.014225,           0.0099727,          0.00080296,             0.93522,             0.92626,             0.93939,             0.82112,              0.0103,           0.0065112,          0.00090543,           0.0072082,           0.0072082,           0.0072082
                 284,            0.013927,            0.010215,          0.00077846,             0.94065,             0.92904,             0.94031,             0.81605,            0.010536,            0.006644,          0.00067948,           0.0071983,           0.0071983,           0.0071983
                 285,            0.014429,           0.0094951,          0.00064917,             0.94044,             0.92231,             0.93223,             0.81489,            0.010977,            0.006677,           0.0010375,           0.0071884,           0.0071884,           0.0071884
                 286,            0.013684,           0.0097212,          0.00064422,             0.93213,              0.9193,             0.91701,             0.80388,            0.010995,           0.0067754,           0.0011329,           0.0071785,           0.0071785,           0.0071785
                 287,            0.014371,           0.0097821,          0.00050001,             0.93707,             0.93604,             0.92582,             0.80682,            0.011144,           0.0069017,          0.00088241,           0.0071686,           0.0071686,           0.0071686
                 288,            0.014396,            0.009566,           0.0008446,             0.93112,             0.91053,             0.92211,             0.80976,            0.010688,           0.0066094,           0.0010785,           0.0071587,           0.0071587,           0.0071587
                 289,            0.014309,           0.0098048,           0.0007323,             0.96247,             0.91392,              0.9407,             0.81965,            0.010558,           0.0067103,          0.00059362,           0.0071488,           0.0071488,           0.0071488
                 290,            0.014459,           0.0097048,          0.00053166,             0.95288,             0.91542,             0.92801,             0.81738,            0.010277,           0.0068194,          0.00076568,           0.0071389,           0.0071389,           0.0071389
                 291,            0.014465,            0.010111,          0.00058991,             0.92454,             0.92835,             0.92621,             0.80943,            0.010791,           0.0070452,          0.00084258,            0.007129,            0.007129,            0.007129
                 292,            0.014518,           0.0099868,          0.00096946,             0.95003,             0.92889,             0.92812,             0.80723,            0.010491,           0.0064709,          0.00062396,           0.0071191,           0.0071191,           0.0071191
                 293,            0.014159,           0.0098259,          0.00088426,              0.9352,             0.92146,             0.92179,             0.79449,            0.010585,           0.0068972,          0.00076739,           0.0071092,           0.0071092,           0.0071092
                 294,            0.013777,             0.01052,          0.00078106,             0.93135,             0.92214,             0.93091,             0.80716,             0.01041,            0.006886,           0.0011012,           0.0070993,           0.0070993,           0.0070993
                 295,            0.014547,           0.0097228,          0.00073882,              0.9423,             0.93195,              0.9339,             0.81241,             0.01008,           0.0069072,           0.0010349,           0.0070894,           0.0070894,           0.0070894
                 296,            0.013978,           0.0099673,          0.00059406,              0.9339,             0.93519,             0.93281,             0.81877,            0.010256,           0.0068341,          0.00089101,           0.0070795,           0.0070795,           0.0070795
                 297,            0.013846,              0.0099,          0.00064672,             0.91749,             0.93478,             0.94927,             0.82736,            0.010364,           0.0068166,          0.00084899,           0.0070696,           0.0070696,           0.0070696
                 298,            0.013877,            0.009726,          0.00056328,              0.9317,             0.94073,             0.93545,             0.80753,            0.010519,           0.0065974,          0.00062989,           0.0070597,           0.0070597,           0.0070597
                 299,            0.014313,           0.0096938,          0.00064462,             0.93037,             0.92434,             0.93212,             0.81329,            0.010359,           0.0065867,          0.00090675,           0.0070498,           0.0070498,           0.0070498
                 300,            0.014081,           0.0098476,           0.0006133,             0.92342,             0.94418,             0.94234,             0.82203,            0.010387,           0.0066122,           0.0010397,           0.0070399,           0.0070399,           0.0070399
                 301,            0.014168,           0.0098933,          0.00059941,             0.92628,             0.93804,             0.93836,             0.80907,            0.010398,           0.0066932,           0.0011242,             0.00703,             0.00703,             0.00703
